{"cameraMode":{"drawMode":0,"name":"Shaded","section":"Shading Mode"},"sceneLighting":false,"audioPlay":false,"sceneViewState":{"showFog":true,"showMaterialUpdate":false,"showSkybox":true,"showFlares":true,"showImageEffects":true,"showParticleSystems":true},"in2DMode":false,"pivot":{"x":-15.59457778930664,"y":25.41797637939453,"z":42.4266471862793},"rotation":{"x":-0.08432239294052124,"y":-0.9129717946052551,"z":0.3216148018836975,"w":-0.23920273780822755},"size":5.901551246643066,"orthographic":false}