{"cameraMode":{"drawMode":0,"name":"Shaded","section":"Shading Mode"},"sceneLighting":false,"audioPlay":false,"sceneViewState":{"showFog":true,"showMaterialUpdate":false,"showSkybox":true,"showFlares":true,"showImageEffects":true,"showParticleSystems":true},"in2DMode":false,"pivot":{"x":-5.504960060119629,"y":0.17134077847003938,"z":256.0407409667969},"rotation":{"x":-0.2527264952659607,"y":0.39817872643470766,"z":-0.11392391473054886,"w":-0.8747498989105225},"size":4.966923236846924,"orthographic":false}